insert into volleyballschema.person(id, age, first_name,last_name) values 
	(1, 18, 'Daichi', 'Sawamura'),
	(2, 18, 'Koshi', 'Sugawara'),
	(3, 18, 'Asahi', 'Azumane'),
	(4, 17, 'Yu', 'Nishinoya'),
	(5, 17, 'Ryunosuke' , 'Tanaka'),
	(6, 17, 'Chikara', 'Ennoshita'),
	(7, 17, 'Kazuhito', 'Narita'),
	(8, 17, 'Hisashi', 'Kinoshita'),
	(9, 16, 'Tobio', 'Kageyama'),
	(10, 16, 'Shoyo', 'Hinata'),
	(11, 16, 'Kei', 'Tsukishima'),
	(12, 16, 'Tadashi', 'Yamaguchi'),
	(13, 29, 'Ittetsu', 'Takeda'),
	(14, 18, 'Kiyoko', 'Shimizu'),
	(15, 16, 'Hitoka', 'Yachi'),
	(16, 26, 'Keishin', 'Ukai'),
	(17, 69, 'Ikkei', 'Ukai'),
	(18, 18, 'Tetsuro', 'Kuroo'),
	(19, 17, 'Taketora', 'Yamamoto'),
	(20, 17, 'Kenma', 'Kozume'),
	(21, 16, 'Lev', 'Haiba'),
	(22, 68, 'Yasufumi', 'Nekomata'),
	(23, 18, 'Toru', 'Oikawa'),
	(24, 18, 'Hajime', 'Iwaizumi'),
	(25, 16, 'Yutaro', 'Kindaichi'),
	(26, 17, 'Kentaro', 'Kyotani'),
	(27, 52, 'Nobuteru', 'Irihata'),
	(28, 17, 'Takanobu', 'Aone'),
	(29, 16, 'Kanji', 'Koganegawa'),
	(30, 17, 'Mai', 'Nametsu'),
	(31, 46, 'Takuro', 'Oiwake'),
	(32, 18, 'Kotaro', 'Bokuto'),
	(33, 17, 'Keiji', 'Akaashi'),
	(34, 18, 'Yukie', 'Shirofuku'),
	(35, 18, 'Kaori', 'Suzumeda'),
	(36, 18, 'Wakatoshi', 'Ushijima'),
	(37, 18, 'Reon', 'Ohira'),
	(38, 18, 'Satori', 'Tendo'),
	(39, 71, 'Tanji', 'Washijo'),
	(40, 26, 'Makoto', 'Shimada'),
	(41, 26, 'Yusuke', 'Takinoue');

insert into volleyballschema.team(id, team_name, place) values
	(1, 'Karasuno High', 'Miyagi'),
	(2, 'Nekoma High', 'Nerima'),
	(3, 'Aobajohsai High', 'Miyagi'),
	(4, 'Date Tech High', 'Miyagi'),
	(5, 'Fukurodani Academy', 'Kanto'),
	(6, 'Shiratorizawa Academy', 'Miyagi');

insert into volleyballschema.player(id, jersey_number, player_position, height, weight, team_id, active) values
	(1, 1, 'opposite', 176.7, 70.1, 1, true),
	(2, 2, 'setter', 174.6, 63.5, 1, true),
	(3, 3, 'outside', 186.4, 75.2, 1, true),
	(4, 4, 'libero', 160.5, 51.1, 1, true),
	(5, 5, 'outside', 178.2, 68.8, 1, true),
	(6, 6, 'opposite', 176.1, 66.4, 1, true),
	(7, 8, 'middle_blocker', 180.9, 70.2, 1, true),
	(8, 7, 'opposite', 175.8, 65.5, 1, true),
	(9, 9, 'setter', 181.9, 66.3, 1, true),
	(10, 10, 'middle_blocker', 171, 51.9, 1, true),
	(11, 11, 'middle_blocker', 190.1, 68.4, 1, true),
	(12, 12, 'middle_blocker', 180, 63, 1, true),
	(18, 1, 'middle_blocker', 188, 75.3, 2, true),
	(19, 4, 'outside', 178, 69.1, 2, true),
	(20, 5, 'setter', 170, 58.3, 2, true),
	(21, 11, 'middle_blocker', 196, 79.7, 2, true),
	(23, 1, 'setter', 184.3, 72.2, 3, true),
	(24, 4, 'outside', 179.3, 70.2, 3, true),
	(25, 12, 'middle_blocker', 190, 74.3, 3, true),
	(26, 16, 'outside', 178.8, 70.8, 3, true),
	(28, 1, 'middle_blocker', 192, 88.2, 4, true),
	(29, 7, 'setter', 193, 80.2, 4, true),
	(32, 4, 'outside', 186, 78.3, 5, true),
	(33, 5, 'setter', 183, 70.7, 5, true),
	(36, 1, 'outside', 189.5, 84.8, 6, true),
	(37, 4, 'opposite', 182.7, 82.4, 6, true),
	(38, 5, 'middle_blocker', 187.7, 71.1, 6, true),
	(40, 11, 'opposite', 177.7, null, 1, false),
	(41, 9, 'middle_blocker', 185.6, null, 1, false);

insert into volleyballschema.management(id, title, team_id, active) values
	(13, 'advisor', 1, true),
	(14, 'manager', 1, true),
	(15, 'manager', 1, true),
	(16, 'coach', 1, true),
	(17, 'coach', 1, false),
	(22, 'coach', 2, true),
	(27, 'coach', 3, true),
	(30, 'manager', 4, true),
	(31, 'coach', 4, true),
	(34, 'manager', 5, true),
	(35, 'manager', 5, true),
	(39, 'coach', 6, true);

insert into volleyballschema.game(id, game_date, winner, loser, win_points, lose_points) values
	(1, '2014-05-11', 3, 1, 25, 13),
	(2, '2014-05-11', 1, 3, 25, 22),
	(3, '2014-05-11', 1, 3, 25, 23),
	(4, '2014-06-22', 2, 1, 25, 22),
	(5, '2014-06-22', 2, 1, 25, 23),
	(6, '2014-06-22', 2, 1, 25, 22),
	(7, '2014-06-22', 2, 1, 26, 24),
	(8, '2014-06-22', 2, 1, 27, 25),
	(9, '2014-06-22', 2, 1, 32, 30),
	(10, '2015-11-15', 5, 1, 25, 12),
	(11, '2015-11-15', 5, 1, 25, 14),
	(12, '2015-11-15', 5, 1, 25, 22),
	(13, '2015-11-15', 5, 1, 25, 23),
	(14, '2015-11-29', 2, 1, 25, 15),
	(15, '2015-11-29', 2, 1, 25, 16),
	(16, '2014-07-27', 1, 4, 25, 19),
	(17, '2014-07-27', 1, 4, 25, 22),
	(18, '2014-08-10', 3, 1, 25, 15),
	(19, '2014-08-10', 1, 3, 25, 23),
	(20, '2014-08-10', 3, 1, 33, 31),
	(21, '2016-02-21', 1, 3, 25, 23),
	(22, '2016-02-21', 3, 1, 28, 26),
	(23, '2016-02-21', 1, 3, 26, 24),
	(24, '2016-10-08', 6, 1, 25, 16),
	(25, '2016-10-08', 1, 6, 31, 29),
	(26, '2016-10-08', 6, 1, 25, 18),
	(27, '2016-10-08', 1, 6, 29, 27),
	(28, '2016-10-08', 1, 6, 21, 19);
	
insert into volleyballschema.card(id, color, person, game, reason) values
	(1, 'yellow', 5, 1, 'Player yelled at referee.'),
	(2, 'yellow', 9, 10, 'Player yelled at teammate.'),
	(3, 'yellow', 19, 4, 'Player yelled at teammate.'),
	(4, 'yellow', 26, 1, 'Player yelled at referee.'),
	(5, 'red', 26, 1, 'Player punched referee.'),
	(6, 'yellow', 31, 16, 'Coach yelled at referee.');
	
